{"stats":{"minecraft:picked_up":{"minecraft:wooden_axe":2,"minecraft:stick":14,"minecraft:rotten_flesh":10,"minecraft:oak_log":14,"minecraft:oak_planks":63,"minecraft:string":2,"minecraft:cobblestone":3},"minecraft:used":{"minecraft:wooden_axe":11,"minecraft:wooden_sword":4,"minecraft:wooden_pickaxe":3},"minecraft:crafted":{"minecraft:wooden_sword":1,"minecraft:oak_planks":32,"minecraft:stick":8,"minecraft:stone_pickaxe":1,"minecraft:wooden_pickaxe":2},"minecraft:killed_by":{"minecraft:zombie":1},"minecraft:custom":{"minecraft:time_since_rest":1726,"minecraft:deaths":1,"minecraft:play_time":5177,"minecraft:sprint_one_cm":25888,"minecraft:damage_taken":345,"minecraft:walk_one_cm":11891,"minecraft:sneak_time":7,"minecraft:mob_kills":6,"minecraft:drop":6,"minecraft:jump":178,"minecraft:damage_dealt":1134,"minecraft:leave_game":1,"minecraft:time_since_death":1702,"minecraft:total_world_time":5177,"minecraft:interact_with_crafting_table":6,"minecraft:fall_one_cm":2634,"minecraft:fly_one_cm":42041},"minecraft:killed":{"minecraft:zombie":6},"minecraft:mined":{"minecraft:oak_log":8,"minecraft:stone":3,"minecraft:birch_leaves":1,"minecraft:oak_leaves":3},"minecraft:dropped":{"minecraft:oak_planks":32,"minecraft:wooden_axe":1,"minecraft:stick":4}},"DataVersion":3465}