{"stats":{"minecraft:killed":{"minecraft:spider":1},"minecraft:dropped":{"minecraft:rotten_flesh":4,"minecraft:ink_sac":3,"alexsmobs:animal_dictionary":2},"minecraft:killed_by":{"minecraft:skeleton":1,"minecraft:spider":1,"minecraft:zombie":2},"minecraft:custom":{"minecraft:time_since_rest":12210,"minecraft:crouch_one_cm":99,"minecraft:play_time":23740,"minecraft:sprint_one_cm":45377,"minecraft:walk_one_cm":26024,"minecraft:damage_taken":979,"minecraft:deaths":4,"minecraft:sneak_time":41,"minecraft:walk_under_water_one_cm":1504,"minecraft:mob_kills":1,"minecraft:drop":7,"minecraft:jump":648,"minecraft:damage_dealt":405,"minecraft:leave_game":1,"minecraft:walk_on_water_one_cm":2458,"minecraft:time_since_death":8232,"minecraft:total_world_time":23740,"minecraft:swim_one_cm":1994,"minecraft:fall_one_cm":18650,"minecraft:fly_one_cm":167979},"minecraft:mined":{"minecraft:grass":7},"minecraft:used":{"alexsmobs:animal_dictionary":1},"minecraft:picked_up":{"minecraft:rotten_flesh":4,"minecraft:wheat_seeds":1,"minecraft:ink_sac":3,"minecraft:string":1,"alexsmobs:animal_dictionary":1}},"DataVersion":3465}