{"stats":{"minecraft:picked_up":{"minecraft:wooden_axe":2,"minecraft:stick":16,"minecraft:kelp":25,"minecraft:sand":62,"minecraft:oak_log":10,"minecraft:oak_sapling":8,"minecraft:oak_planks":125,"minecraft:string":2},"minecraft:used":{"minecraft:sand":62,"minecraft:crafting_table":1},"minecraft:crafted":{"minecraft:oak_planks":40,"minecraft:crafting_table":1,"minecraft:stick":4,"minecraft:wooden_axe":1},"minecraft:killed_by":{"minecraft:zombie":1},"minecraft:custom":{"minecraft:time_since_rest":2548,"minecraft:damage_taken":820,"minecraft:play_time":24448,"minecraft:sprint_one_cm":64787,"minecraft:walk_one_cm":48101,"minecraft:deaths":3,"minecraft:sneak_time":192,"minecraft:walk_under_water_one_cm":14462,"minecraft:mob_kills":1,"minecraft:drop":17,"minecraft:jump":740,"minecraft:damage_dealt":310,"minecraft:leave_game":3,"minecraft:time_since_death":2515,"minecraft:walk_on_water_one_cm":3519,"minecraft:total_world_time":24448,"minecraft:swim_one_cm":63,"minecraft:interact_with_crafting_table":2,"minecraft:fly_one_cm":148919,"minecraft:fall_one_cm":18884},"minecraft:killed":{"minecraft:spider":1},"minecraft:dropped":{"minecraft:oak_planks":125,"minecraft:string":1,"minecraft:wooden_axe":2,"minecraft:oak_sapling":6,"minecraft:stick":14},"minecraft:mined":{"minecraft:seagrass":6,"minecraft:tall_seagrass":3,"minecraft:oak_log":10,"minecraft:sand":43,"minecraft:kelp_plant":15,"minecraft:kelp":15,"minecraft:oak_leaves":35}},"DataVersion":3465}