{"stats":{"minecraft:picked_up":{"minecraft:crafting_table":2,"minecraft:sand":20,"minecraft:oak_boat":1,"minecraft:oak_log":6},"minecraft:used":{"minecraft:sand":20,"minecraft:crafting_table":3,"minecraft:oak_boat":2,"minecraft:wooden_shovel":18},"minecraft:crafted":{"minecraft:oak_boat":1,"minecraft:oak_planks":24,"minecraft:wooden_shovel":1,"minecraft:crafting_table":1,"minecraft:stick":4,"minecraft:wooden_pickaxe":1},"minecraft:custom":{"minecraft:time_since_rest":4068,"minecraft:crouch_one_cm":146,"minecraft:play_time":4068,"minecraft:sprint_one_cm":4166,"minecraft:walk_one_cm":13675,"minecraft:sneak_time":14,"minecraft:boat_one_cm":11970,"minecraft:jump":23,"minecraft:leave_game":1,"minecraft:walk_on_water_one_cm":524,"minecraft:time_since_death":4068,"minecraft:total_world_time":4068,"minecraft:fall_one_cm":209,"minecraft:interact_with_crafting_table":3,"minecraft:fly_one_cm":3558},"minecraft:mined":{"minecraft:oak_log":6,"minecraft:sand":20,"minecraft:crafting_table":2,"minecraft:oak_leaves":1}},"DataVersion":3465}